{
  "train_losses": [
    1.576543,
    1.373702,
    0.963943,
    0.63003,
    0.334084,
    0.101895,
    0.03291,
    0.009622,
    0.016682,
    0.007138,
    0.003812,
    0.032357,
    0.004146,
    0.000617,
    0.014662,
    0.012101,
    0.001609,
    0.000513,
    0.001999
  ],
  "val_losses": [
    1.541097,
    1.25974,
    0.946925,
    0.556774,
    0.196867,
    0.117474,
    0.155909,
    0.102967,
    0.034411,
    0.073301,
    0.253966,
    0.252224,
    0.04024,
    0.004999,
    0.029447,
    0.137124,
    0.215074,
    0.235723,
    0.155315
  ],
  "epochs": 19,
  "stopped_epoch": 19
}